	(501, 'Brousseau', 'supreme.leader.66@StarWars.fr', 'Ordre66', "ADMIN"),
	-- insert des user de type client
	(1, 'Rodriguez', 'Rodriguez.Fatima.45000@ex.fr', 'mdp1', "CLIENT"),
	(2, 'Garcia', 'Garcia.Hugo.06000@ex.fr', 'mdp2', "CLIENT"),
	(3, 'Martin', 'Martin.Julie.45000@ex.fr', 'mdp3', "CLIENT"),
	(4, 'Dubois', 'Dubois.Lucas.34000@ex.fr', 'mdp4', "CLIENT"),
	(5, 'Ferrari', 'Ferrari.Omar.35000@ex.fr', 'mdp5', "CLIENT"),
	(6, 'Petit', 'Petit.Louis.67000@ex.fr', 'mdp6', "CLIENT"),
	(7, 'David', 'David.Camille.44000@ex.fr', 'mdp7', "CLIENT"),
	(8, 'Rossi', 'Rossi.Mariana.38000@ex.fr', 'mdp8', "CLIENT"),
	(9, 'Bouzid', 'Bouzid.Raul.38000@ex.fr', 'mdp9', "CLIENT"),
	(10, 'Dubois', 'Dubois.Sophie.37000@ex.fr', 'mdp10', "CLIENT"),
	(11, 'Fournier', 'Fournier.Emma.59000@ex.fr', 'mdp11', "CLIENT"),
	(12, 'Lopez', 'Lopez.Mehdi.44000@ex.fr', 'mdp12', "CLIENT"),
	(13, 'Bernard', 'Bernard.Jean.33000@ex.fr', 'mdp13', "CLIENT"),
	(14, 'Robert', 'Robert.Manon.37000@ex.fr', 'mdp14', "CLIENT"),
	(15, 'Simon', 'Simon.Nathan.67000@ex.fr', 'mdp15', "CLIENT"),
	(16, 'Laurent', 'Laurent.Louis.33000@ex.fr', 'mdp16', "CLIENT"),
	(17, 'Abdelkader', 'Abdelkader.Leonor.34000@ex.fr', 'mdp17', "CLIENT"),
	(18, 'Abdelkader', 'Abdelkader.Luca.45000@ex.fr', 'mdp18', "CLIENT"),
	(19, 'Leroy', 'Leroy.Antoine.75001@ex.fr', 'mdp19', "CLIENT"),
	(20, 'Garcia', 'Garcia.Marie.69001@ex.fr', 'mdp20', "CLIENT"),
	(21, 'Bianchi', 'Bianchi.Mehdi.34000@ex.fr', 'mdp21', "CLIENT"),
	(22, 'Dubois', 'Dubois.Chloe.75001@ex.fr', 'mdp22', "CLIENT"),
	(23, 'Martin', 'Martin.Louis.37000@ex.fr', 'mdp23', "CLIENT"),
	(24, 'Vincent', 'Vincent.Elodie.75001@ex.fr', 'mdp24', "CLIENT"),
	(25, 'Rodriguez', 'Rodriguez.Tiago.38000@ex.fr', 'mdp25', "CLIENT"),
	(26, 'Dubois', 'Dubois.Manon.37000@ex.fr', 'mdp26', "CLIENT"),
	(27, 'Vincent', 'Vincent.Marie.38000@ex.fr', 'mdp27', "CLIENT"),
	(28, 'Rodriguez', 'Rodriguez.Giovanni.45000@ex.fr', 'mdp28', "CLIENT"),
	(29, 'Romano', 'Romano.Javier.69001@ex.fr', 'mdp29', "CLIENT"),
	(30, 'Thomas', 'Thomas.Mathieu.67000@ex.fr', 'mdp30', "CLIENT"),
	(31, 'Moreau', 'Moreau.Hugo.06000@ex.fr', 'mdp31', "CLIENT"),
	(32, 'Mokhtar', 'Mokhtar.Rania.38000@ex.fr', 'mdp32', "CLIENT"),
	(33, 'Richard', 'Richard.Nathan.06000@ex.fr', 'mdp33', "CLIENT"),
	(34, 'Dubois', 'Dubois.Pierre.33000@ex.fr', 'mdp34', "CLIENT"),
	(35, 'Lefebvre', 'Lefebvre.Chloe.51100@ex.fr', 'mdp35', "CLIENT"),
	(36, 'Santos', 'Santos.Omar.51100@ex.fr', 'mdp36', "CLIENT"),
	(37, 'Dubois', 'Dubois.Antoine.38000@ex.fr', 'mdp37', "CLIENT"),
	(38, 'Haddad', 'Haddad.Luca.69001@ex.fr', 'mdp38', "CLIENT"),
	(39, 'Roux', 'Roux.Paul.38000@ex.fr', 'mdp39', "CLIENT"),
	(40, 'Dubois', 'Dubois.Louis.75001@ex.fr', 'mdp40', "CLIENT"),
	(41, 'Moreau', 'Moreau.Julie.34000@ex.fr', 'mdp41', "CLIENT"),
	(42, 'Costa', 'Costa.Alessandro.13001@ex.fr', 'mdp42', "CLIENT"),
	(43, 'Petit', 'Petit.Pierre.31000@ex.fr', 'mdp43', "CLIENT"),
	(44, 'Leroy', 'Leroy.Camille.45000@ex.fr', 'mdp44', "CLIENT"),
	(45, 'Fournier', 'Fournier.Emma.13001@ex.fr', 'mdp45', "CLIENT"),
	(46, 'Roux', 'Roux.Sophie.33000@ex.fr', 'mdp46', "CLIENT"),
	(47, 'Robert', 'Robert.Nathan.31000@ex.fr', 'mdp47', "CLIENT"),
	(48, 'Simon', 'Simon.Antoine.31000@ex.fr', 'mdp48', "CLIENT"),
	(49, 'Haddad', 'Haddad.Raul.13001@ex.fr', 'mdp49', "CLIENT"),
	(50, 'Lefebvre', 'Lefebvre.Laura.34000@ex.fr', 'mdp50', "CLIENT"),
	(51, 'Thomas', 'Thomas.Nicolas.31000@ex.fr', 'mdp51', "CLIENT"),
	(52, 'Bernard', 'Bernard.Paul.33000@ex.fr', 'mdp52', "CLIENT"),
	(53, 'Richard', 'Richard.Julie.67000@ex.fr', 'mdp53', "CLIENT"),
	(54, 'Abdelkader', 'Abdelkader.Alessandro.35000@ex.fr', 'mdp54', "CLIENT"),
	(55, 'David', 'David.Antoine.45000@ex.fr', 'mdp55', "CLIENT"),
	(56, 'Fernandez', 'Fernandez.Carlos.67000@ex.fr', 'mdp56', "CLIENT"),
	(57, 'Dubois', 'Dubois.Camille.59000@ex.fr', 'mdp57', "CLIENT"),
	(58, 'Pereira', 'Pereira.Rania.51100@ex.fr', 'mdp58', "CLIENT"),
	(59, 'Martin', 'Martin.Mathieu.37000@ex.fr', 'mdp59', "CLIENT"),
	(60, 'Rodriguez', 'Rodriguez.Leonor.38000@ex.fr', 'mdp60', "CLIENT"),
	(61, 'Laurent', 'Laurent.Laura.69001@ex.fr', 'mdp61', "CLIENT"),
	(62, 'Leroy', 'Leroy.Marie.75001@ex.fr', 'mdp62', "CLIENT"),
	(63, 'Petit', 'Petit.Jean.34000@ex.fr', 'mdp63', "CLIENT"),
	(64, 'Silva', 'Silva.Francesca.44000@ex.fr', 'mdp64', "CLIENT"),
	(65, 'Fournier', 'Fournier.Nathan.44000@ex.fr', 'mdp65', "CLIENT"),
	(66, 'Pereira', 'Pereira.Leonor.06000@ex.fr', 'mdp66', "CLIENT"),
	(67, 'Martin', 'Martin.Laura.06000@ex.fr', 'mdp67', "CLIENT"),
	(68, 'Haddad', 'Haddad.Sergio.69001@ex.fr', 'mdp68', "CLIENT"),
	(69, 'Costa', 'Costa.Javier.38000@ex.fr', 'mdp69', "CLIENT"),
	(70, 'Dubois', 'Dubois.Emma.45000@ex.fr', 'mdp70', "CLIENT"),
	(71, 'Roux', 'Roux.Emma.38000@ex.fr', 'mdp71', "CLIENT"),
	(72, 'Durand', 'Durand.Chloe.45000@ex.fr', 'mdp72', "CLIENT"),
	(73, 'Petit', 'Petit.Nathan.75001@ex.fr', 'mdp73', "CLIENT"),
	(74, 'Roux', 'Roux.Emma.34000@ex.fr', 'mdp74', "CLIENT"),
	(75, 'Durand', 'Durand.Laura.37000@ex.fr', 'mdp75', "CLIENT"),
	(76, 'Durand', 'Durand.Mathieu.38000@ex.fr', 'mdp76', "CLIENT"),
	(77, 'Leroy', 'Leroy.Nicolas.37000@ex.fr', 'mdp77', "CLIENT"),
	(78, 'Bernard', 'Bernard.Hugo.34000@ex.fr', 'mdp78', "CLIENT"),
	(79, 'Abdelkader', 'Abdelkader.Francesca.35000@ex.fr', 'mdp79', "CLIENT"),
	(80, 'Dubois', 'Dubois.Nicolas.13001@ex.fr', 'mdp80', "CLIENT"),
	(81, 'Michel', 'Michel.Paul.59000@ex.fr', 'mdp81', "CLIENT"),
	(82, 'Ben Ali', 'BenAli.Omar.45000@ex.fr', 'mdp82', "CLIENT"),
	(83, 'Bianchi', 'Bianchi.Andre.69001@ex.fr', 'mdp83', "CLIENT"),
	(84, 'Simon', 'Simon.Lucas.33000@ex.fr', 'mdp84', "CLIENT"),
	(85, 'Lopez', 'Lopez.Fatima.44000@ex.fr', 'mdp85', "CLIENT"),
	(86, 'Michel', 'Michel.Manon.06000@ex.fr', 'mdp86', "CLIENT"),
	(87, 'Bernard', 'Bernard.Camille.31000@ex.fr', 'mdp87', "CLIENT"),
	(88, 'Bertrand', 'Bertrand.Camille.69001@ex.fr', 'mdp88', "CLIENT"),
	(89, 'Leroy', 'Leroy.Louis.33000@ex.fr', 'mdp89', "CLIENT"),
	(90, 'Ferrari', 'Ferrari.Francesca.34000@ex.fr', 'mdp90', "CLIENT"),
	(91, 'David', 'David.Marie.75001@ex.fr', 'mdp91', "CLIENT"),
	(92, 'Haddad', 'Haddad.Mehdi.06000@ex.fr', 'mdp92', "CLIENT"),
	(93, 'Ben Ali', 'BenAli.Alessandro.69001@ex.fr', 'mdp93', "CLIENT"),
	(94, 'Costa', 'Costa.Javier.31000@ex.fr', 'mdp94', "CLIENT"),
	(95, 'Laurent', 'Laurent.Nathan.06000@ex.fr', 'mdp95', "CLIENT"),
	(96, 'Dubois', 'Dubois.Mathieu.33000@ex.fr', 'mdp96', "CLIENT"),
	(97, 'Garcia', 'Garcia.Louis.31000@ex.fr', 'mdp97', "CLIENT"),
	(98, 'Lefebvre', 'Lefebvre.Louis.33000@ex.fr', 'mdp98', "CLIENT"),
	(99, 'Leroy', 'Leroy.Paul.75001@ex.fr', 'mdp99', "CLIENT"),
	(100, 'Ben Ali', 'BenAli.Francesca.51100@ex.fr', 'mdp100', "CLIENT"),
	(101, 'Thomas', 'Thomas.Nicolas.31001@ex.fr', 'mdp101', "CLIENT"),
	(102, 'Durand', 'Durand.Louis.06000@ex.fr', 'mdp102', "CLIENT"),
	(103, 'Abdelkader', 'Abdelkader.Youssef.06000@ex.fr', 'mdp103', "CLIENT"),
	(104, 'Martin', 'Martin.Emma.67000@ex.fr', 'mdp104', "CLIENT"),
	(105, 'Garcia', 'Garcia.Elodie.13001@ex.fr', 'mdp105', "CLIENT"),
	(106, 'Bernard', 'Bernard.Chloe.38000@ex.fr', 'mdp106', "CLIENT"),
	(107, 'Bernard', 'Bernard.Lucas.75001@ex.fr', 'mdp107', "CLIENT"),
	(108, 'Durand', 'Durand.Lucie.75001@ex.fr', 'mdp108', "CLIENT"),
	(109, 'Vincent', 'Vincent.Mathieu.59000@ex.fr', 'mdp109', "CLIENT"),
	(110, 'Bernard', 'Bernard.Antoine.13001@ex.fr', 'mdp110', "CLIENT"),
	(111, 'Laurent', 'Laurent.Camille.44000@ex.fr', 'mdp111', "CLIENT"),
	(112, 'Laurent', 'Laurent.Sophie.37000@ex.fr', 'mdp112', "CLIENT"),
	(113, 'Michel', 'Michel.Elodie.69001@ex.fr', 'mdp113', "CLIENT"),
	(114, 'Laurent', 'Laurent.Paul.44000@ex.fr', 'mdp114', "CLIENT"),
	(115, 'Gonzalez', 'Gonzalez.Mariana.33000@ex.fr', 'mdp115', "CLIENT"),
	(116, 'Vincent', 'Vincent.Emma.13001@ex.fr', 'mdp116', "CLIENT"),
	(117, 'David', 'David.Jean.34000@ex.fr', 'mdp117', "CLIENT"),
	(118, 'Pereira', 'Pereira.Carlos.33000@ex.fr', 'mdp118', "CLIENT"),
	(119, 'Robert', 'Robert.Marie.06000@ex.fr', 'mdp119', "CLIENT"),
	(120, 'Durand', 'Durand.Camille.35000@ex.fr', 'mdp120', "CLIENT"),
	(121, 'Martin', 'Martin.Nicolas.75001@ex.fr', 'mdp121', "CLIENT"),
	(122, 'Lefebvre', 'Lefebvre.Marie.69001@ex.fr', 'mdp122', "CLIENT"),
	(123, 'Martin', 'Martin.Emma.33000@ex.fr', 'mdp123', "CLIENT"),
	(124, 'Martin', 'Martin.Jean.35000@ex.fr', 'mdp124', "CLIENT"),
	(125, 'Lefebvre', 'Lefebvre.Lucas.06000@ex.fr', 'mdp125', "CLIENT"),
	(126, 'Michel', 'Michel.Elodie.37000@ex.fr', 'mdp126', "CLIENT"),
	(127, 'Martin', 'Martin.Camille.33000@ex.fr', 'mdp127', "CLIENT"),
	(128, 'David', 'David.Hugo.44000@ex.fr', 'mdp128', "CLIENT"),
	(129, 'Garcia', 'Garcia.Louis.37000@ex.fr', 'mdp129', "CLIENT"),
	(130, 'Bernard', 'Bernard.Chloe.13001@ex.fr', 'mdp130', "CLIENT"),
	(131, 'Vincent', 'Vincent.Chloe.69001@ex.fr', 'mdp131', "CLIENT"),
	(132, 'Roux', 'Roux.Laura.67000@ex.fr', 'mdp132', "CLIENT"),
	(133, 'Roux', 'Roux.Paul.38000@ex.fr', 'mdp133', "CLIENT"),
	(134, 'Bernard', 'Bernard.Mathieu.31000@ex.fr', 'mdp134', "CLIENT"),
	(135, 'Michel', 'Michel.Lucas.37000@ex.fr', 'mdp135', "CLIENT"),
	(136, 'Richard', 'Richard.Lucie.37000@ex.fr', 'mdp136', "CLIENT"),
	(137, 'Vincent', 'Vincent.Marie.31000@ex.fr', 'mdp137', "CLIENT"),
	(138, 'Petit', 'Petit.Camille.31000@ex.fr', 'mdp138', "CLIENT"),
	(139, 'Richard', 'Richard.Paul.34000@ex.fr', 'mdp139', "CLIENT"),
	(140, 'Martin', 'Martin.Louis.31000@ex.fr', 'mdp140', "CLIENT"),
	(141, 'Silva', 'Silva.Luca.51100@ex.fr', 'mdp141', "CLIENT"),
	(142, 'Lopez', 'Lopez.Omar.69001@ex.fr', 'mdp142', "CLIENT"),
	(143, 'Pereira', 'Pereira.Francesca.67000@ex.fr', 'mdp143', "CLIENT"),
	(144, 'Michel', 'Michel.Pierre.06000@ex.fr', 'mdp144', "CLIENT"),
	(145, 'Fournier', 'Fournier.Lucie.59000@ex.fr', 'mdp145', "CLIENT"),
	(146, 'Bianchi', 'Bianchi.Giovanni.38000@ex.fr', 'mdp146', "CLIENT"),
	(147, 'Garcia', 'Garcia.Emma.13001@ex.fr', 'mdp147', "CLIENT"),
	(148, 'Silva', 'Silva.Isabel.31000@ex.fr', 'mdp148', "CLIENT"),
	(149, 'David', 'David.Sophie.45000@ex.fr', 'mdp149', "CLIENT"),
	(150, 'Roux', 'Roux.Julie.38000@ex.fr', 'mdp150', "CLIENT"),
	(151, 'Bertrand', 'Bertrand.Paul.51100@ex.fr', 'mdp151', "CLIENT"),
	(152, 'Martin', 'Martin.Lucie.31000@ex.fr', 'mdp152', "CLIENT"),
	(153, 'Martin', 'Martin.Marie.45000@ex.fr', 'mdp153', "CLIENT"),
	(154, 'Petit', 'Petit.Emma.06000@ex.fr', 'mdp154', "CLIENT"),
	(155, 'Petit', 'Petit.Pierre.59000@ex.fr', 'mdp155', "CLIENT"),
	(156, 'Vincent', 'Vincent.Lucie.44000@ex.fr', 'mdp156', "CLIENT"),
	(157, 'Pereira', 'Pereira.Isabel.33000@ex.fr', 'mdp157', "CLIENT"),
	(158, 'Costa', 'Costa.Javier.44000@ex.fr', 'mdp158', "CLIENT"),
	(159, 'Durand', 'Durand.Louis.37000@ex.fr', 'mdp159', "CLIENT"),
	(160, 'Durand', 'Durand.Paul.35000@ex.fr', 'mdp160', "CLIENT"),
	(161, 'Esposito', 'Esposito.Paolo.35000@ex.fr', 'mdp161', "CLIENT"),
	(162, 'Richard', 'Richard.Nathan.45000@ex.fr', 'mdp162', "CLIENT"),
	(163, 'Bouzid', 'Bouzid.Fatima.34000@ex.fr', 'mdp163', "CLIENT"),
	(164, 'Bertrand', 'Bertrand.Emma.33000@ex.fr', 'mdp164', "CLIENT"),
	(165, 'Bernard', 'Bernard.Chloé.34000@ex.fr', 'mdp165', "CLIENT"),
	(166, 'David', 'David.Louis.34000@ex.fr', 'mdp166', "CLIENT"),
	(167, 'Robert', 'Robert.Mathieu.45000@ex.fr', 'mdp167', "CLIENT"),
	(168, 'Garcia', 'Garcia.Nathan.67000@ex.fr', 'mdp168', "CLIENT"),
	(169, 'Martinez', 'Martinez.Fatima.44000@ex.fr', 'mdp169', "CLIENT"),
	(170, 'Vincent', 'Vincent.Manon.06000@ex.fr', 'mdp170', "CLIENT"),
	(171, 'Bertrand', 'Bertrand.Camille.35000@ex.fr', 'mdp171', "CLIENT"),
	(172, 'Dubois', 'Dubois.Louis.69001@ex.fr', 'mdp172', "CLIENT"),
	(173, 'Ferrari', 'Ferrari.André.51100@ex.fr', 'mdp173', "CLIENT"),
	(174, 'Ferrari', 'Ferrari.André.37000@ex.fr', 'mdp174', "CLIENT"),
	(175, 'Dubois', 'Dubois.Jean.44000@ex.fr', 'mdp175', "CLIENT"),
	(176, 'Dubois', 'Dubois.Antoine.75001@ex.fr', 'mdp176', "CLIENT"),
	(177, 'David', 'David.Laura.75001@ex.fr', 'mdp177', "CLIENT"),
	(178, 'Leroy', 'Leroy.Nathan.13001@ex.fr', 'mdp178', "CLIENT"),
	(179, 'Richard', 'Richard.Louis.44000@ex.fr', 'mdp179', "CLIENT"),
	(180, 'Silva', 'Silva.Mariana.44000@ex.fr', 'mdp180', "CLIENT"),
	(181, 'Rodriguez', 'Rodriguez.Isabel.31000@ex.fr', 'mdp181', "CLIENT"),
	(182, 'Lefebvre', 'Lefebvre.Jean.38000@ex.fr', 'mdp182', "CLIENT"),
	(183, 'Thomas', 'Thomas.Nicolas.06000@ex.fr', 'mdp183', "CLIENT"),
	(184, 'Robert', 'Robert.Nicolas.44000@ex.fr', 'mdp184', "CLIENT"),
	(185, 'Silva', 'Silva.Luca.35000@ex.fr', 'mdp185', "CLIENT"),
	(186, 'Gonzalez', 'Gonzalez.Francesca.45000@ex.fr', 'mdp186', "CLIENT"),
	(187, 'Bertrand', 'Bertrand.Nathan.33000@ex.fr', 'mdp187', "CLIENT"),
	(188, 'Dubois', 'Dubois.Marie.35000@ex.fr', 'mdp188', "CLIENT"),
	(189, 'Dubois', 'Dubois.Mathieu.13001@ex.fr', 'mdp189', "CLIENT"),
	(190, 'Vincent', 'Vincent.Laura.33000@ex.fr', 'mdp190', "CLIENT"),
	(191, 'Gonzalez', 'Gonzalez.Youssef.45000@ex.fr', 'mdp191', "CLIENT"),
	(192, 'Fournier', 'Fournier.Marie.67000@ex.fr', 'mdp192', "CLIENT"),
	(193, 'Lefebvre', 'Lefebvre.Pierre.33000@ex.fr', 'mdp193', "CLIENT"),
	(194, 'Richard', 'Richard.Pierre.38000@ex.fr', 'mdp194', "CLIENT"),
	(195, 'Richard', 'Richard.Nicolas.35000@ex.fr', 'mdp195', "CLIENT"),
	(196, 'Richard', 'Richard.Nathan.44000@ex.fr', 'mdp196', "CLIENT"),
	(197, 'Bernard', 'Bernard.Nathan.06000@ex.fr', 'mdp197', "CLIENT"),
	(198, 'Bernard', 'Bernard.Pierre.37000@ex.fr', 'mdp198', "CLIENT"),
	(199, 'Michel', 'Michel.Camille.38000@ex.fr', 'mdp199', "CLIENT"),
	(200, 'Bernard', 'Bernard.Sophie.69001@ex.fr', 'mdp200', "CLIENT"),
	(201, 'Abdelkader', 'Abdelkader.Francesca.33000@ex.fr', 'mdp201', "CLIENT"),
	(202, 'Vincent', 'Vincent.Antoine.35000@ex.fr', 'mdp202', "CLIENT"),
	(203, 'Pereira', 'Pereira.Isabel.45000@ex.fr', 'mdp203', "CLIENT"),
	(204, 'Laurent', 'Laurent.Emma.75001@ex.fr', 'mdp204', "CLIENT"),
	(205, 'Richard', 'Richard.Mathieu.13001@ex.fr', 'mdp205', "CLIENT"),
	(206, 'Moreau', 'Moreau.Hugo.37000@ex.fr', 'mdp206', "CLIENT"),
	(207, 'Lopez', 'Lopez.Mariana.34000@ex.fr', 'mdp207', "CLIENT"),
	(208, 'Lefebvre', 'Lefebvre.Louis.06000@ex.fr', 'mdp208', "CLIENT"),
	(209, 'Petit', 'Petit.Sophie.13001@ex.fr', 'mdp209', "CLIENT"),
	(210, 'Durand', 'Durand.Mathieu.35000@ex.fr', 'mdp210', "CLIENT"),
	(211, 'Petit', 'Petit.Paul.34000@ex.fr', 'mdp211', "CLIENT"),
	(212, 'Carvalho', 'Carvalho.Giovanni.69001@ex.fr', 'mdp212', "CLIENT"),
	(213, 'Carvalho', 'Carvalho.Giovanni.69001@ex.fr', 'mdp213', "CLIENT"),
	(214, 'Leroy', 'Leroy.Jean.38000@ex.fr', 'mdp214', "CLIENT"),
	(215, 'Martinez', 'Martinez.Leonor.59000@ex.fr', 'mdp215', "CLIENT"),
	(216, 'Bertrand', 'Bertrand.Emma.67000@ex.fr', 'mdp216', "CLIENT"),
	(217, 'Thomas', 'Thomas.Chloé.75001@ex.fr', 'mdp217', "CLIENT"),
	(218, 'Lopez', 'Lopez.Javier.75001@ex.fr', 'mdp218', "CLIENT"),
	(219, 'Laurent', 'Laurent.Emma.33000@ex.fr', 'mdp219', "CLIENT"),
	(220, 'Robert', 'Robert.Mathieu.51100@ex.fr', 'mdp220', "CLIENT"),
	(221, 'Haddad', 'Haddad.Mariana.31000@ex.fr', 'mdp221', "CLIENT"),
	(222, 'Petit', 'Petit.Laura.13001@ex.fr', 'mdp222', "CLIENT"),
	(223, 'Richard', 'Richard.Julie.44000@ex.fr', 'mdp223', "CLIENT"),
	(224, 'Garcia', 'Garcia.Hugo.69001@ex.fr', 'mdp224', "CLIENT"),
	(225, 'Carvalho', 'Carvalho.Leonor.31000@ex.fr', 'mdp225', "CLIENT"),
	(226, 'Martin', 'Martin.Hugo.59000@ex.fr', 'mdp226', "CLIENT"),
	(227, 'Vincent', 'Vincent.Lucas.35000@ex.fr', 'mdp227', "CLIENT"),
	(228, 'Martinez', 'Martinez.Youssef.45000@ex.fr', 'mdp228', "CLIENT"),
	(229, 'Thomas', 'Thomas.Emma.38000@ex.fr', 'mdp229', "CLIENT"),
	(230, 'Durand', 'Durand.Marie.06000@ex.fr', 'mdp230', "CLIENT"),
	(231, 'David', 'David.Louis.34000@ex.fr', 'mdp231', "CLIENT"),
	(232, 'Laurent', 'Laurent.Laura.51100@ex.fr', 'mdp232', "CLIENT"),
	(233, 'Bertrand', 'Bertrand.Emma.75001@ex.fr', 'mdp233', "CLIENT"),
	(234, 'Laurent', 'Laurent.Laura.33000@ex.fr', 'mdp234', "CLIENT"),
	(235, 'Lefebvre', 'Lefebvre.Paul.06000@ex.fr', 'mdp235', "CLIENT"),
	(236, 'Esposito', 'Esposito.Isabel.51100@ex.fr', 'mdp236', "CLIENT"),
	(237, 'Bouzid', 'Bouzid.Youssef.06000@ex.fr', 'mdp237', "CLIENT"),
	(238, 'Dubois', 'Dubois.Sophie.67000@ex.fr', 'mdp238', "CLIENT"),
	(239, 'Michel', 'Michel.Emma.44000@ex.fr', 'mdp239', "CLIENT"),
	(240, 'Pereira', 'Pereira.Isabel.06000@ex.fr', 'mdp240', "CLIENT"),
	(241, 'Bouzid', 'Bouzid.Javier.33000@ex.fr', 'mdp241', "CLIENT"),
	(242, 'Moreau', 'Moreau.Laura.45000@ex.fr', 'mdp242', "CLIENT"),
	(243, 'Robert', 'Robert.Nathan.33000@ex.fr', 'mdp243', "CLIENT"),
	(244, 'Dubois', 'Dubois.Nicolas.75001@ex.fr', 'mdp244', "CLIENT"),
	(245, 'Pereira', 'Pereira.Giovanni.75001@ex.fr', 'mdp245', "CLIENT"),
	(246, 'Petit', 'Petit.Pierre.38000@ex.fr', 'mdp246', "CLIENT"),
	(247, 'Bertrand', 'Bertrand.Nathan.59000@ex.fr', 'mdp247', "CLIENT"),
	(248, 'Rodriguez', 'Rodriguez.Luca.35000@ex.fr', 'mdp248', "CLIENT"),
	(249, 'Fournier', 'Fournier.Manon.59000@ex.fr', 'mdp249', "CLIENT"),
	(250, 'Laurent', 'Laurent.Antoine.45000@ex.fr', 'mdp250', "CLIENT"),
	(251, 'Costa', 'Costa.Francesca.59000@ex.fr', 'mdp251', "CLIENT"),
	(252, 'Garcia', 'Garcia.Louis.31000@ex.fr', 'mdp252', "CLIENT"),
	(253, 'Costa', 'Costa.Mehdi.69001@ex.fr', 'mdp253', "CLIENT"),
	(254, 'Thomas', 'Thomas.Lucie.35000@ex.fr', 'mdp254', "CLIENT"),
	(255, 'Michel', 'Michel.Lucas.38000@ex.fr', 'mdp255', "CLIENT"),
	(256, 'Michel', 'Michel.Antoine.06000@ex.fr', 'mdp256', "CLIENT"),
	(257, 'Michel', 'Michel.Paul.45000@ex.fr', 'mdp257', "CLIENT"),
	(258, 'Bertrand', 'Bertrand.Julie.37000@ex.fr', 'mdp258', "CLIENT"),
	(259, 'Pereira', 'Pereira.Sergio.69001@ex.fr', 'mdp259', "CLIENT"),
	(260, 'Moreau', 'Moreau.Jean.59000@ex.fr', 'mdp260', "CLIENT"),
	(261, 'David', 'David.Jean.51100@ex.fr', 'mdp261', "CLIENT"),
	(262, 'Laurent', 'Laurent.Laura.33000@ex.fr', 'mdp262', "CLIENT"),
	(263, 'Michel', 'Michel.Manon.67000@ex.fr', 'mdp263', "CLIENT"),
	(264, 'Laurent', 'Laurent.Sophie.35000@ex.fr', 'mdp264', "CLIENT"),
	(265, 'Martin', 'Martin.Julie.35000@ex.fr', 'mdp265', "CLIENT"),
	(266, 'Vincent', 'Vincent.Emma.59000@ex.fr', 'mdp266', "CLIENT"),
	(267, 'Michel', 'Michel.Jean.33000@ex.fr', 'mdp267', "CLIENT"),
	(268, 'Carvalho', 'Carvalho.Sergio.33000@ex.fr', 'mdp268', "CLIENT"),
	(269, 'Thomas', 'Thomas.Hugo.35000@ex.fr', 'mdp269', "CLIENT"),
	(270, 'Lefebvre', 'Lefebvre.Manon.51100@ex.fr', 'mdp270', "CLIENT"),
	(271, 'Bertrand', 'Bertrand.Manon.59000@ex.fr', 'mdp271', "CLIENT"),
	(272, 'Mokhtar', 'Mokhtar.Isabel.59000@ex.fr', 'mdp272', "CLIENT"),
	(273, 'Carvalho', 'Carvalho.Mariana.33000@ex.fr', 'mdp273', "CLIENT"),
	(274, 'Garcia', 'Garcia.Pierre.38000@ex.fr', 'mdp274', "CLIENT"),
	(275, 'Fournier', 'Fournier.Lucie.44000@ex.fr', 'mdp275', "CLIENT"),
	(276, 'Vincent', 'Vincent.Nathan.34000@ex.fr', 'mdp276', "CLIENT"),
	(277, 'Pereira', 'Pereira.Tiago.45000@ex.fr', 'mdp277', "CLIENT"),
	(278, 'Moreau', 'Moreau.Manon.38000@ex.fr', 'mdp278', "CLIENT"),
	(279, 'Bouzid', 'Bouzid.Mariana.51100@ex.fr', 'mdp279', "CLIENT"),
	(280, 'Carvalho', 'Carvalho.Carlos.06000@ex.fr', 'mdp280', "CLIENT"),
	(281, 'Simon', 'Simon.Manon.37000@ex.fr', 'mdp281', "CLIENT"),
	(282, 'Garcia', 'Garcia.Louis.13001@ex.fr', 'mdp282', "CLIENT"),
	(283, 'Abdelkader', 'Abdelkader.Javier.33000@ex.fr', 'mdp283', "CLIENT"),
	(284, 'Petit', 'Petit.Paul.67000@ex.fr', 'mdp284', "CLIENT"),
	(285, 'Martin', 'Martin.Mathieu.37000@ex.fr', 'mdp285', "CLIENT"),
	(286, 'Petit', 'Petit.Hugo.31000@ex.fr', 'mdp286', "CLIENT"),
	(287, 'Rodriguez', 'Rodriguez.André.69001@ex.fr', 'mdp287', "CLIENT"),
	(288, 'Leroy', 'Leroy.Elodie.06000@ex.fr', 'mdp288', "CLIENT"),
	(289, 'Robert', 'Robert.Manon.45000@ex.fr', 'mdp289', "CLIENT"),
	(290, 'Robert', 'Robert.Emma.34000@ex.fr', 'mdp290', "CLIENT"),
	(291, 'Bertrand', 'Bertrand.Emma.69001@ex.fr', 'mdp291', "CLIENT"),
	(292, 'Bouzid', 'Bouzid.Fatima.69001@ex.fr', 'mdp292', "CLIENT"),
	(293, 'Bernard', 'Bernard.Jean.44000@ex.fr', 'mdp293', "CLIENT"),
	(294, 'Moreau', 'Moreau.Marie.06000@ex.fr', 'mdp294', "CLIENT"),
	(295, 'Dubois', 'Dubois.Julie.69001@ex.fr', 'mdp295', "CLIENT"),
	(296, 'Vincent', 'Vincent.Lucas.69001@ex.fr', 'mdp296', "CLIENT"),
	(297, 'Lopez', 'Lopez.Mariana.69001@ex.fr', 'mdp297', "CLIENT"),
	(298, 'Dubois', 'Dubois.Nathan.44000@ex.fr', 'mdp298', "CLIENT"),
	(299, 'Romano', 'Romano.Paolo.45000@ex.fr', 'mdp299', "CLIENT"),
	(300, 'Martin', 'Martin.Louis.31000@ex.fr', 'mdp300', "CLIENT"),
	(301, 'David', 'David.Chloé.59000@ex.fr', 'mdp301', "CLIENT"),
	(302, 'Robert', 'Robert.Marie.38000@ex.fr', 'mdp302', "CLIENT"),
	(303, 'Bianchi', 'Bianchi.Paolo.67000@ex.fr', 'mdp303', "CLIENT"),
	(304, 'Martin', 'Martin.Marie.67000@ex.fr', 'mdp304', "CLIENT"),
	(305, 'Lopez', 'Lopez.Paolo.69001@ex.fr', 'mdp305', "CLIENT"),
	(306, 'Gonzalez', 'Gonzalez.André.31000@ex.fr', 'mdp306', "CLIENT"),
	(307, 'Bouzid', 'Bouzid.Paolo.45000@ex.fr', 'mdp307', "CLIENT"),
	(308, 'Lopez', 'Lopez.Omar.34000@ex.fr', 'mdp308', "CLIENT"),
	(309, 'Leroy', 'Leroy.Marie.45000@ex.fr', 'mdp309', "CLIENT"),
	(310, 'Martinez', 'Martinez.João.51100@ex.fr', 'mdp310', "CLIENT"),
	(311, 'Rodriguez', 'Rodriguez.Tiago.69001@ex.fr', 'mdp311', "CLIENT"),
	(312, 'Thomas', 'Thomas.Elodie.31000@ex.fr', 'mdp312', "CLIENT"),
	(313, 'Lefebvre', 'Lefebvre.Louis.31000@ex.fr', 'mdp313', "CLIENT"),
	(314, 'Dubois', 'Dubois.Pierre.37000@ex.fr', 'mdp314', "CLIENT"),
	(315, 'Ben Ali', 'BenAli.Omar.38000@ex.fr', 'mdp315', "CLIENT"),
	(316, 'Lopez', 'Lopez.Luca.38000@ex.fr', 'mdp316', "CLIENT"),
	(317, 'Laurent', 'Laurent.Sophie.06000@ex.fr', 'mdp317', "CLIENT"),
	(318, 'Esposito', 'Esposito.Youssef.34000@ex.fr', 'mdp318', "CLIENT"),
	(319, 'Garcia', 'Garcia.Julie.69001@ex.fr', 'mdp319', "CLIENT"),
	(320, 'Rossi', 'Rossi.Mariana.59000@ex.fr', 'mdp320', "CLIENT"),
	(321, 'Lefebvre', 'Lefebvre.Elodie.06000@ex.fr', 'mdp321', "CLIENT"),
	(322, 'Richard', 'Richard.Sophie.35000@ex.fr', 'mdp322', "CLIENT"),
	(323, 'Costa', 'Costa.João.59000@ex.fr', 'mdp323', "CLIENT"),
	(324, 'Petit', 'Petit.Sophie.34000@ex.fr', 'mdp324', "CLIENT"),
	(325, 'Ferrari', 'Ferrari.Rania.44000@ex.fr', 'mdp325', "CLIENT"),
	(326, 'Roux', 'Roux.Louis.13001@ex.fr', 'mdp326', "CLIENT"),
	(327, 'Laurent', 'Laurent.Chloé.44000@ex.fr', 'mdp327', "CLIENT"),
	(328, 'Richard', 'Richard.Antoine.13001@ex.fr', 'mdp328', "CLIENT"),
	(329, 'Bertrand', 'Bertrand.Nicolas.13001@ex.fr', 'mdp329', "CLIENT"),
	(330, 'Bianchi', 'Bianchi.Isabel.45000@ex.fr', 'mdp330', "CLIENT"),
	(331, 'Garcia', 'Garcia.Camille.06000@ex.fr', 'mdp331', "CLIENT"),
	(332, 'David', 'David.Marie.51100@ex.fr', 'mdp332', "CLIENT"),
	(333, 'Fernandez', 'Fernandez.Alessandro.44000@ex.fr', 'mdp333', "CLIENT"),
	(334, 'Martin', 'Martin.Laura.67000@ex.fr', 'mdp334', "CLIENT"),
	(335, 'Gonzalez', 'Gonzalez.Luca.44000@ex.fr', 'mdp335', "CLIENT"),
	(336, 'David', 'David.Chloé.35000@ex.fr', 'mdp336', "CLIENT"),
	(337, 'Santos', 'Santos.Luca.67000@ex.fr', 'mdp337', "CLIENT"),
	(338, 'David', 'David.Jean.34000@ex.fr', 'mdp338', "CLIENT"),
	(339, 'Martin', 'Martin.Mathieu.34000@ex.fr', 'mdp339', "CLIENT"),
	(340, 'Roux', 'Roux.Lucas.35000@ex.fr', 'mdp340', "CLIENT"),
	(341, 'Durand', 'Durand.Jean.34000@ex.fr', 'mdp341', "CLIENT"),
	(342, 'Ferrari', 'Ferrari.Sergio.38000@ex.fr', 'mdp342', "CLIENT"),
	(343, 'Martin', 'Martin.Camille.37000@ex.fr', 'mdp343', "CLIENT"),
	(344, 'Laurent', 'Laurent.Antoine.33000@ex.fr', 'mdp344', "CLIENT"),
	(345, 'Ferrari', 'Ferrari.André.59000@ex.fr', 'mdp345', "CLIENT"),
	(346, 'Thomas', 'Thomas.Paul.67000@ex.fr', 'mdp346', "CLIENT"),
	(347, 'Laurent', 'Laurent.Louis.69001@ex.fr', 'mdp347', "CLIENT"),
	(348, 'Laurent', 'Laurent.Antoine.31000@ex.fr', 'mdp348', "CLIENT"),
	(349, 'Dubois', 'Dubois.Emma.44000@ex.fr', 'mdp349', "CLIENT"),
	(350, 'Bernard', 'Bernard.Paul.75001@ex.fr', 'mdp350', "CLIENT"),
	(351, 'Bianchi', 'Bianchi.Tiago.33000@ex.fr', 'mdp351', "CLIENT"),
	(352, 'Moreau', 'Moreau.Emma.67000@ex.fr', 'mdp352', "CLIENT"),
	(353, 'Thomas', 'Thomas.Louis.38000@ex.fr', 'mdp353', "CLIENT"),
	(354, 'Laurent', 'Laurent.Hugo.06000@ex.fr', 'mdp354', "CLIENT"),
	(355, 'Dubois', 'Dubois.Emma.37000@ex.fr', 'mdp355', "CLIENT"),
	(356, 'Costa', 'Costa.Tiago.44000@ex.fr', 'mdp356', "CLIENT"),
	(357, 'David', 'David.Sophie.51100@ex.fr', 'mdp357', "CLIENT"),
	(358, 'Lopez', 'Lopez.Raul.37000@ex.fr', 'mdp358', "CLIENT"),
	(359, 'Martinez', 'Martinez.Paolo.13001@ex.fr', 'mdp359', "CLIENT"),
	(360, 'Ben Ali', 'BenAli.Leonor.67000@ex.fr', 'mdp360', "CLIENT"),
	(361, 'Dubois', 'Dubois.Mathieu.37000@ex.fr', 'mdp361', "CLIENT"),
	(362, 'Fournier', 'Fournier.Nicolas.44000@ex.fr', 'mdp362', "CLIENT"),
	(363, 'Lopez', 'Lopez.Carlos.06000@ex.fr', 'mdp363', "CLIENT"),
	(364, 'Richard', 'Richard.Elodie.35000@ex.fr', 'mdp364', "CLIENT"),
	(365, 'David', 'David.Louis.69001@ex.fr', 'mdp365', "CLIENT"),
	(366, 'Petit', 'Petit.Laura.13001@ex.fr', 'mdp366', "CLIENT"),
	(367, 'Michel', 'Michel.Marie.45000@ex.fr', 'mdp367', "CLIENT"),
	(368, 'Bianchi', 'Bianchi.Javier.69001@ex.fr', 'mdp368', "CLIENT"),
	(369, 'Silva', 'Silva.Carlos.37000@ex.fr', 'mdp369', "CLIENT"),
	(370, 'Fournier', 'Fournier.Camille.06000@ex.fr', 'mdp370', "CLIENT"),
	(371, 'Fournier', 'Fournier.Emma.44000@ex.fr', 'mdp371', "CLIENT"),
	(372, 'Bertrand', 'Bertrand.Laura.67000@ex.fr', 'mdp372', "CLIENT"),
	(373, 'Costa', 'Costa.Isabel.35000@ex.fr', 'mdp373', "CLIENT"),
	(374, 'Simon', 'Simon.Pierre.37000@ex.fr', 'mdp374', "CLIENT"),
	(375, 'Dubois', 'Dubois.Pierre.06000@ex.fr', 'mdp375', "CLIENT"),
	(376, 'Romano', 'Romano.André.69001@ex.fr', 'mdp376', "CLIENT"),
	(377, 'Martin', 'Martin.Chloé.31000@ex.fr', 'mdp377', "CLIENT"),
	(378, 'Rossi', 'Rossi.Javier.31000@ex.fr', 'mdp378', "CLIENT"),
	(379, 'Robert', 'Robert.Julie.44000@ex.fr', 'mdp379', "CLIENT"),
	(380, 'Dubois', 'Dubois.Emma.51100@ex.fr', 'mdp380', "CLIENT"),
	(381, 'Pereira', 'Pereira.Javier.13001@ex.fr', 'mdp381', "CLIENT"),
	(382, 'Thomas', 'Thomas.Nathan.44000@ex.fr', 'mdp382', "CLIENT"),
	(383, 'Romano', 'Romano.Paolo.13001@ex.fr', 'mdp383', "CLIENT"),
	(384, 'Leroy', 'Leroy.Marie.13001@ex.fr', 'mdp384', "CLIENT"),
	(385, 'Richard', 'Richard.Nicolas.33000@ex.fr', 'mdp385', "CLIENT"),
	(386, 'Roux', 'Roux.Jean.75001@ex.fr', 'mdp386', "CLIENT"),
	(387, 'Bertrand', 'Bertrand.Sophie.31000@ex.fr', 'mdp387', "CLIENT"),
	(388, 'Santos', 'Santos.João.06000@ex.fr', 'mdp388', "CLIENT"),
	(389, 'Fournier', 'Fournier.Lucas.51100@ex.fr', 'mdp389', "CLIENT"),
	(390, 'Michel', 'Michel.Lucas.75001@ex.fr', 'mdp390', "CLIENT"),
	(391, 'Richard', 'Richard.Nathan.33000@ex.fr', 'mdp391', "CLIENT"),
	(392, 'Garcia', 'Garcia.Emma.59000@ex.fr', 'mdp392', "CLIENT"),
	(393, 'Roux', 'Roux.Nicolas.69001@ex.fr', 'mdp393', "CLIENT"),
	(394, 'Bernard', 'Bernard.Emma.44000@ex.fr', 'mdp394', "CLIENT"),
	(395, 'Dubois', 'Dubois.Mathieu.35000@ex.fr', 'mdp395', "CLIENT"),
	(396, 'Ben Ali', 'BenAli.André.44000@ex.fr', 'mdp396', "CLIENT"),
	(397, 'Petit', 'Petit.Chloé.06000@ex.fr', 'mdp397', "CLIENT"),
	(398, 'Bianchi', 'Bianchi.Mariana.69001@ex.fr', 'mdp398', "CLIENT"),
	(399, 'Garcia', 'Garcia.Jean.06000@ex.fr', 'mdp399', "CLIENT"),
	(400, 'Petit', 'Petit.Julie.13001@ex.fr', 'mdp400', "CLIENT"),
	(401, 'Ben Ali', 'BenAli.Mariana.06000@ex.fr', 'mdp401', "CLIENT"),
	(402, 'Roux', 'Roux.Antoine.59000@ex.fr', 'mdp402', "CLIENT"),
	(403, 'Martinez', 'Martinez.Fatima.59000@ex.fr', 'mdp403', "CLIENT"),
	(404, 'Rodriguez', 'Rodriguez.Mariana.38000@ex.fr', 'mdp404', "CLIENT"),
	(405, 'Garcia', 'Garcia.Jean.45000@ex.fr', 'mdp405', "CLIENT"),
	(406, 'Bernard', 'Bernard.Mathieu.38000@ex.fr', 'mdp406', "CLIENT"),
	(407, 'Laurent', 'Laurent.Lucie.38000@ex.fr', 'mdp407', "CLIENT"),
	(408, 'Petit', 'Petit.Camille.75001@ex.fr', 'mdp408', "CLIENT"),
	(409, 'David', 'David.Manon.06000@ex.fr', 'mdp409', "CLIENT"),
	(410, 'Roux', 'Roux.Louis.69001@ex.fr', 'mdp410', "CLIENT"),
	(411, 'David', 'David.Mathieu.51100@ex.fr', 'mdp411', "CLIENT"),
	(412, 'Thomas', 'Thomas.Camille.69001@ex.fr', 'mdp412', "CLIENT"),
	(413, 'Laurent', 'Laurent.Louis.75001@ex.fr', 'mdp413', "CLIENT"),
	(414, 'Romano', 'Romano.André.44000@ex.fr', 'mdp414', "CLIENT"),
	(415, 'Dubois', 'Dubois.Nicolas.45000@ex.fr', 'mdp415', "CLIENT"),
	(416, 'Leroy', 'Leroy.Mathieu.45000@ex.fr', 'mdp416', "CLIENT"),
	(417, 'Thomas', 'Thomas.Laura.06000@ex.fr', 'mdp417', "CLIENT"),
	(418, 'David', 'David.Laura.31000@ex.fr', 'mdp418', "CLIENT"),
	(419, 'Bianchi', 'Bianchi.Paolo.67000@ex.fr', 'mdp419', "CLIENT"),
	(420, 'Bianchi', 'Bianchi.Tiago.35000@ex.fr', 'mdp420', "CLIENT"),
	(421, 'Simon', 'Simon.Nathan.34000@ex.fr', 'mdp421', "CLIENT"),
	(422, 'Romano', 'Romano.Carlos.44000@ex.fr', 'mdp422', "CLIENT"),
	(423, 'Santos', 'Santos.Luca.51100@ex.fr', 'mdp423', "CLIENT"),
	(424, 'Robert', 'Robert.Nicolas.59000@ex.fr', 'mdp424', "CLIENT"),
	(425, 'Richard', 'Richard.Paul.75001@ex.fr', 'mdp425', "CLIENT"),
	(426, 'Roux', 'Roux.Hugo.45000@ex.fr', 'mdp426', "CLIENT"),
	(427, 'Robert', 'Robert.Camille.06000@ex.fr', 'mdp427', "CLIENT"),
	(428, 'Petit', 'Petit.Pierre.37000@ex.fr', 'mdp428', "CLIENT"),
	(429, 'Robert', 'Robert.Antoine.37000@ex.fr', 'mdp429', "CLIENT"),
	(430, 'Ben Ali', 'BenAli.Omar.75001@ex.fr', 'mdp430', "CLIENT"),
	(431, 'Fournier', 'Fournier.Chloé.33000@ex.fr', 'mdp431', "CLIENT"),
	(432, 'Garcia', 'Garcia.Marie.35000@ex.fr', 'mdp432', "CLIENT"),
	(433, 'Bianchi', 'Bianchi.Fatima.13001@ex.fr', 'mdp433', "CLIENT"),
	(434, 'Moreau', 'Moreau.Chloé.45000@ex.fr', 'mdp434', "CLIENT"),
	(435, 'Laurent', 'Laurent.Paul.06000@ex.fr', 'mdp435', "CLIENT"),
	(436, 'Bianchi', 'Bianchi.Javier.06000@ex.fr', 'mdp436', "CLIENT"),
	(437, 'David', 'David.Marie.75001@ex.fr', 'mdp437', "CLIENT"),
	(438, 'Rodriguez', 'Rodriguez.Luca.06000@ex.fr', 'mdp438', "CLIENT"),
	(439, 'Lefebvre', 'Lefebvre.Camille.44000@ex.fr', 'mdp439', "CLIENT"),
	(440, 'Lefebvre', 'Lefebvre.Laura.37000@ex.fr', 'mdp440', "CLIENT"),
	(441, 'Gonzalez', 'Gonzalez.Luca.44000@ex.fr', 'mdp441', "CLIENT"),
	(442, 'Laurent', 'Laurent.Lucie.38000@ex.fr', 'mdp442', "CLIENT"),
	(443, 'Simon', 'Simon.Mathieu.34000@ex.fr', 'mdp443', "CLIENT"),
	(444, 'Bouzid', 'Bouzid.Luca.35000@ex.fr', 'mdp444', "CLIENT"),
	(445, 'Ferrari', 'Ferrari.André.44000@ex.fr', 'mdp445', "CLIENT"),
	(446, 'Robert', 'Robert.Pierre.67000@ex.fr', 'mdp446', "CLIENT"),
	(447, 'Richard', 'Richard.Lucas.06000@ex.fr', 'mdp447', "CLIENT"),
	(448, 'Carvalho', 'Carvalho.Mehdi.67000@ex.fr', 'mdp448', "CLIENT"),
	(449, 'Vincent', 'Vincent.Marie.38000@ex.fr', 'mdp449', "CLIENT"),
	(450, 'Vincent', 'Vincent.Manon.31000@ex.fr', 'mdp450', "CLIENT"),
	(451, 'Leroy', 'Leroy.Nathan.06000@ex.fr', 'mdp451', "CLIENT"),
	(452, 'Garcia', 'Garcia.Pierre.13001@ex.fr', 'mdp452', "CLIENT"),
	(453, 'Costa', 'Costa.Omar.38000@ex.fr', 'mdp453', "CLIENT"),
	(454, 'Fournier', 'Fournier.Lucie.67000@ex.fr', 'mdp454', "CLIENT"),
	(455, 'Garcia', 'Garcia.Manon.33000@ex.fr', 'mdp455', "CLIENT"),
	(456, 'Vincent', 'Vincent.Mathieu.67000@ex.fr', 'mdp456', "CLIENT"),
	(457, 'Martin', 'Martin.Emma.67000@ex.fr', 'mdp457', "CLIENT"),
	(458, 'Michel', 'Michel.Antoine.34000@ex.fr', 'mdp458', "CLIENT"),
	(459, 'David', 'David.Mathieu.33000@ex.fr', 'mdp459', "CLIENT"),
	(460, 'Michel', 'Michel.Nathan.31000@ex.fr', 'mdp460', "CLIENT"),
	(461, 'Rossi', 'Rossi.André.31000@ex.fr', 'mdp461', "CLIENT"),
	(462, 'Santos', 'Santos.Javier.34000@ex.fr', 'mdp462', "CLIENT"),
	(463, 'Michel', 'Michel.Julie.45000@ex.fr', 'mdp463', "CLIENT"),
	(464, 'Leroy', 'Leroy.Lucie.67000@ex.fr', 'mdp464', "CLIENT"),
	(465, 'Petit', 'Petit.Paul.75001@ex.fr', 'mdp465', "CLIENT"),
	(466, 'Fournier', 'Fournier.Paul.51100@ex.fr', 'mdp466', "CLIENT"),
	(467, 'Haddad', 'Haddad.Fatima.31000@ex.fr', 'mdp467', "CLIENT"),
	(468, 'Bertrand', 'Bertrand.Hugo.06000@ex.fr', 'mdp468', "CLIENT"),
	(469, 'Pereira', 'Pereira.Mehdi.75001@ex.fr', 'mdp469', "CLIENT"),
	(470, 'Bertrand', 'Bertrand.Louis.59000@ex.fr', 'mdp470', "CLIENT"),
	(471, 'Martin', 'Martin.Marie.59000@ex.fr', 'mdp471', "CLIENT"),
	(472, 'Roux', 'Roux.Lucie.34000@ex.fr', 'mdp472', "CLIENT"),
	(473, 'Durand', 'Durand.Antoine.51100@ex.fr', 'mdp473', "CLIENT"),
	(474, 'Bouzid', 'Bouzid.Paolo.13001@ex.fr', 'mdp474', "CLIENT"),
	(475, 'Moreau', 'Moreau.Nathan.44000@ex.fr', 'mdp475', "CLIENT"),
	(476, 'Garcia', 'Garcia.Chloé.67000@ex.fr', 'mdp476', "CLIENT"),
	(477, 'Thomas', 'Thomas.Elodie.45000@ex.fr', 'mdp477', "CLIENT"),
	(478, 'Dubois', 'Dubois.Louis.06000@ex.fr', 'mdp478', "CLIENT"),
	(479, 'Abdelkader', 'Abdelkader.Paolo.67000@ex.fr', 'mdp479', "CLIENT"),
	(480, 'Robert', 'Robert.Laura.31000@ex.fr', 'mdp480', "CLIENT"),
	(481, 'Robert', 'Robert.Manon.37000@ex.fr', 'mdp481', "CLIENT"),
	(482, 'Martin', 'Martin.Manon.34000@ex.fr', 'mdp482', "CLIENT"),
	(483, 'Durand', 'Durand.Sophie.31000@ex.fr', 'mdp483', "CLIENT"),
	(484, 'Mokhtar', 'Mokhtar.João.67000@ex.fr', 'mdp484', "CLIENT"),
	(485, 'Martin', 'Martin.Camille.31000@ex.fr', 'mdp485', "CLIENT"),
	(486, 'Michel', 'Michel.Marie.37000@ex.fr', 'mdp486', "CLIENT"),
	(487, 'Fournier', 'Fournier.Camille.59000@ex.fr', 'mdp487', "CLIENT"),
	(488, 'Bouzid', 'Bouzid.Giovanni.44000@ex.fr', 'mdp488', "CLIENT"),
	(489, 'Mokhtar', 'Mokhtar.Leonor.59000@ex.fr', 'mdp489', "CLIENT"),
	(490, 'Michel', 'Michel.Antoine.59000@ex.fr', 'mdp490', "CLIENT"),
	(491, 'Fournier', 'Fournier.Nathan.37000@ex.fr', 'mdp491', "CLIENT"),
	(492, 'Bernard', 'Bernard.Louis.31000@ex.fr', 'mdp492', "CLIENT"),
	(493, 'Haddad', 'Haddad.Omar.44000@ex.fr', 'mdp493', "CLIENT"),
	(494, 'Durand', 'Durand.Elodie.45000@ex.fr', 'mdp494', "CLIENT"),
	(495, 'Pereira', 'Pereira.Tiago.69001@ex.fr', 'mdp495', "CLIENT"),
	(496, 'Robert', 'Robert.Marie.44000@ex.fr', 'mdp496', "CLIENT"),
	(497, 'Bouzid', 'Bouzid.Leonor.35000@ex.fr', 'mdp497', "CLIENT"),
	(498, 'Lefebvre', 'Lefebvre.Nathan.45000@ex.fr', 'mdp498', "CLIENT"),
	(499, 'Vincent', 'Vincent.Sophie.69001@ex.fr', 'mdp499', "CLIENT"),
	(500, 'Garcia', 'Garcia.Elodie.33000@ex.fr', 'mdp500', "CLIENT");
